customer_id,name,mobile,email
1,Sara White,9792596187,crivas@murphy.info
2,Amanda Mcdaniel,+1-042-579-6881x6911,joanna22@yahoo.com
3,Alexander Davis,987.739.7570,robertaedwards@hotmail.com
4,Charles Costa,(970)489-8891,imartinez@bass.com
5,Mary Powell,348.331.6489,natalie39@hotmail.com
6,Amanda Powell,(916)241-7864x596,websterjames@johnson.biz
7,Kara Mayo,(974)629-7367,jdavid@hotmail.com
8,Ashley Buckley,+1-896-228-4551x12615,joelnavarro@anderson-ruiz.info
9,Gerald Perkins,587-934-8856x335,tinabailey@moore-kramer.net
10,Charles Wilson,6580906974,leahjohnston@blair.com
11,Ariel Reyes,829.423.0948,ymckay@yahoo.com
12,Jessica Ortega,6820726566,schmidtmark@harris.biz
13,Monica Perez,8540587758,kcummings@warren-rodriguez.biz
14,Kevin Fisher,+1-244-115-3005x97671,elizabeth72@haynes.com
15,Joshua Robinson,001-739-029-7519x3750,cindybailey@cochran-gray.biz
16,Andrew Nolan,(542)877-2804,burnsangela@cunningham.com
17,Michael Hayden,759.328.1170x3816,sboone@gmail.com
18,Anthony Fox,+1-039-113-7958x30978,tboyle@blevins.com
19,Tracy Church,505.420.6069,steven06@hotmail.com
20,Dennis Camacho,6987163208,johnsontheresa@gmail.com
21,Henry Richardson,001-243-238-5499x191,wallemma@west.com
22,Shaun Harris,(156)431-4741x5107,tracy85@gmail.com
23,Eric Turner,001-969-993-5617x408,alexis35@gmail.com
24,Evelyn Rosales,+1-820-638-2619x87257,roachpamela@hotmail.com
25,Martin Hammond,(820)023-4396,dbowers@hotmail.com
26,Kelly Hampton,398.527.6865,lindseyhorn@sharp-lee.com
27,Lisa Tran,701-660-0703,starkbrooke@yahoo.com
28,Keith Davis,018.151.2661x11733,lisa85@gmail.com
29,Michael Phillips,450-594-7295x011,briannatownsend@williams-cordova.com
30,Lori Davila,001-420-651-8970,jacquelinemartin@riley.com
31,Andrew Pugh,(720)400-1254x02985,uhernandez@hotmail.com
32,David Lambert,385-658-2348x776,wpruitt@white-moody.com
33,Lisa Reilly,055-993-3440x0434,smithkevin@hotmail.com
34,Joseph Quinn,422.188.3118x947,nguyenlauren@barker.org
35,Michelle Hall,(454)680-8912x6552,sandra63@hotmail.com
36,William Scott,001-732-404-4563x041,shellywebb@prince.com
37,Lori Glover,001-867-710-7732,jacksoncaroline@zimmerman.com
38,Melissa Massey,+1-042-218-2777x54456,carrienewton@lawrence-jordan.com
39,Craig Schaefer,592-235-8471,psparks@yahoo.com
40,Jacob Nelson,(057)009-5492,sgreene@gmail.com
41,Rhonda Holmes,094-963-0947x31360,kenneth50@henderson.com
42,Michael Macias,(795)352-6207x902,alan50@contreras-white.com
43,Jasmine Mason,805.162.4862,jeffrey39@ross-sampson.com
44,Christopher King,001-513-153-1556x0303,davidmueller@yahoo.com
45,Nathan Cervantes,(414)470-3896x6111,alicia30@gmail.com
46,Megan Jefferson,7541388175,mgreen@campbell.com
47,Barry Hayden,545.314.8716x03620,nprice@yahoo.com
48,Patrick Peterson,+1-373-676-8179x40284,hramirez@davis-powell.info
49,Jessica Green,522.302.7391x524,jonesgwendolyn@fernandez-simpson.com
50,Linda Murray,+1-436-983-6520x3953,alexander93@hotmail.com
51,Gregory Cooper,+1-747-849-7433x853,adamslindsey@gmail.com
52,Wendy Miller,+1-054-883-4085x21199,heatherjohnson@garcia.com
53,Joseph Robinson,(108)929-0785x9556,vcox@gmail.com
54,Richard Evans,(233)580-9697,martinezlaura@gmail.com
55,Jennifer Thomas,+1-230-537-0302x2641,woodsangela@gmail.com
56,John Kaufman,(036)105-9499,stephanieadkins@hotmail.com
57,Zoe Jones,926-053-8202,pmay@hanson.com
58,Ashley Patel,282-914-0586x119,megansmith@gmail.com
59,Ian Little,001-353-789-4569x54709,monicafisher@lowe.net
60,Laura Murray,+1-161-361-8634x175,harrisjanice@yahoo.com
61,Mrs. Tammy Murphy,001-173-123-9477x245,reedmichael@yahoo.com
62,Ryan Parker,748-518-5696x100,watersedward@hotmail.com
63,Heather Brewer,001-829-161-6686x253,gjones@hotmail.com
64,Robin Walsh,539.182.7729x4725,lynnchristopher@yahoo.com
65,Danielle Robertson,118-764-0318x081,diane38@hotmail.com
66,Stanley Harrison,1698761301,jessica18@jackson.com
67,Daniel Roman,(309)460-0222x55937,maria40@park.com
68,Victor Davis,283.893.8215x55028,austinmegan@stevens.com
69,Breanna Jackson,+1-865-104-2833x15842,joelreed@ortiz-barnes.com
70,Steven Marshall,(379)685-4540x9102,millercody@yahoo.com
71,Laura Ramirez,+1-471-918-0578x80729,harrisonpatrick@moyer-callahan.com
72,James Davis,605.655.5358x94962,longjames@white.com
73,Melissa Cole,001-108-059-9743x6402,mistywilliams@cole-bishop.com
74,Kristie Bradford,+1-486-775-0524x400,brian77@hotmail.com
75,Michael Harris PhD,+1-622-544-3278x7472,jperez@yahoo.com
76,Heather Smith,086-777-5274x988,harperedward@stewart.com
77,Shane Rush PhD,204-465-5480,castanedabryan@gutierrez.com
78,Philip Bryant,502-554-5630x0099,daisy06@yahoo.com
79,Kyle Moyer,001-664-738-4760x979,ffreeman@gmail.com
80,Anthony Watson,+1-410-186-0174x32610,matthew57@hotmail.com
81,Jessica Fox,+1-599-742-7902x69634,shepardanthony@yahoo.com
82,Kristen Gonzalez,142.251.6131x333,tammy39@hotmail.com
83,Adam English,956.352.2477x10064,jennifer95@johnson-peters.com
84,Brandon Mcdonald,001-020-378-7687x66397,craig44@robertson-franco.com
85,Megan Jones,488.287.9514,daniel00@yahoo.com
86,Glenn Roach,538-511-6170x38947,davidallen@yahoo.com
87,Christopher Gray,(121)738-3956x9831,heather96@gmail.com
88,Cynthia Moreno,001-298-733-4617x1438,bgray@yahoo.com
89,Anthony Fisher,383-038-8801x44070,estuart@yahoo.com
90,Jennifer Gallegos,941-382-8216,zbeasley@yahoo.com
91,James Lee,354.474.0808x23017,keithsmith@salinas.com
92,Jennifer Bailey,+1-525-912-6084x8208,brentnelson@hotmail.com
93,Charles Shaw,632.607.0150x76349,christopherroach@hotmail.com
94,Kim Rangel,(651)337-2603x759,lchavez@hotmail.com
95,Scott Brown,(640)387-4765,yjohnson@gmail.com
96,Kelly Knight,001-234-862-7798x9733,kathy66@yahoo.com
97,Vanessa Collins,737-003-4416x098,john19@gmail.com
98,Pamela Williams,3856339575,wmcpherson@rodriguez.com
99,Donald Obrien,+1-496-079-6779,flemingamy@chan.com
100,Kaylee Leonard,(867)149-2759,spencermontgomery@porter.com
