movie_id,title,genre,duration,show_time
1,Reactive tangible toolset,Horror,139,2025-08-25 22:52:39
2,Secured multi-tasking implementation,Action,132,2025-07-27 03:15:11
3,Profound maximized hub,Comedy,176,2025-08-23 15:38:43
4,Team-oriented non-volatile artificial intelligence,Comedy,161,2025-08-01 04:03:29
5,Enterprise-wide secondary definition,Comedy,168,2025-08-05 09:01:27
6,Polarized neutral hierarchy,Romance,174,2025-07-20 07:23:37
7,User-friendly empowering intranet,Horror,165,2025-08-17 12:32:08
8,Digitized hybrid forecast,Drama,178,2025-08-24 02:32:24
9,Configurable incremental strategy,Action,138,2025-07-25 03:14:20
10,Profit-focused mission-critical system engine,Action,119,2025-08-04 20:59:13
11,Vision-oriented interactive time-frame,Action,153,2025-08-28 21:33:32
12,Customer-focused transitional interface,Horror,172,2025-08-18 13:42:18
13,Organized 4thgeneration task-force,Drama,151,2025-07-12 04:29:36
14,Networked content-based firmware,Comedy,102,2025-08-19 18:38:47
15,Networked coherent synergy,Romance,175,2025-08-13 23:02:12
16,Realigned national complexity,Comedy,99,2025-08-07 23:47:42
17,Reverse-engineered solution-oriented core,Romance,91,2025-08-04 18:14:48
18,Switchable web-enabled Graphic Interface,Action,144,2025-08-21 21:39:39
19,Total motivating extranet,Sci-Fi,154,2025-07-13 23:09:36
20,Optimized national neural-net,Action,142,2025-08-04 14:38:59
21,Synergized maximized orchestration,Sci-Fi,131,2025-07-28 11:39:42
22,User-friendly 4thgeneration approach,Drama,111,2025-07-13 11:05:59
23,Total full-range migration,Sci-Fi,127,2025-07-17 04:27:15
24,Ergonomic actuating productivity,Horror,128,2025-08-03 18:43:12
25,Progressive mission-critical core,Horror,90,2025-07-07 13:49:31
26,Operative intangible throughput,Comedy,141,2025-07-02 00:27:11
27,Face-to-face non-volatile matrices,Horror,180,2025-07-19 15:56:04
28,Triple-buffered global utilization,Sci-Fi,130,2025-07-03 15:13:10
29,Function-based real-time neural-net,Sci-Fi,173,2025-07-24 08:03:37
30,Enhanced system-worthy superstructure,Horror,158,2025-07-13 08:13:36
31,Customizable reciprocal info-mediaries,Romance,179,2025-08-17 22:19:31
32,Networked actuating task-force,Drama,123,2025-08-06 16:36:52
33,Horizontal maximized installation,Sci-Fi,176,2025-07-16 03:27:51
34,Universal systematic infrastructure,Sci-Fi,117,2025-08-02 05:09:29
35,Pre-emptive bandwidth-monitored pricing structure,Comedy,152,2025-07-06 19:20:22
36,Decentralized scalable info-mediaries,Drama,165,2025-07-20 09:04:16
37,Horizontal 4thgeneration process improvement,Drama,92,2025-07-08 03:43:13
38,Enterprise-wide actuating Graphic Interface,Sci-Fi,139,2025-08-13 15:52:13
39,Multi-tiered exuding core,Horror,119,2025-07-14 08:26:52
40,De-engineered explicit website,Comedy,139,2025-06-30 18:21:26
41,Persistent asymmetric leverage,Sci-Fi,114,2025-08-10 13:29:33
42,Customer-focused full-range strategy,Sci-Fi,151,2025-07-22 20:08:03
43,Re-contextualized regional help-desk,Action,105,2025-07-25 08:06:40
44,Diverse motivating customer loyalty,Romance,131,2025-07-24 16:13:03
45,Configurable demand-driven contingency,Horror,149,2025-08-13 16:22:00
46,Implemented analyzing Local Area Network,Sci-Fi,149,2025-07-07 18:09:24
47,Innovative 6thgeneration initiative,Sci-Fi,172,2025-07-20 11:42:40
48,Synergistic grid-enabled Graphic Interface,Sci-Fi,173,2025-08-08 07:59:21
49,Universal upward-trending hardware,Drama,163,2025-07-05 06:39:15
50,Exclusive attitude-oriented encryption,Drama,147,2025-08-03 22:29:54
